#HEADER:ProvinceCode,ProvinceName,KabupatenCode,KabupatenName,PrabowoHattaVotes,JokowiKallaVotes,TotalVotes
1,ACEH,4086,SIMEULUE,11889,29538,41427
1,ACEH,269,ACEH TENGGARA,73999,40413,114412
1,ACEH,3205,ACEH UTARA,125359,82486,207845
1,ACEH,1207,ACEH TENGAH,40522,57882,98404
1,ACEH,2452,PIDIE,72241,93308,165549
1,ACEH,1492,ACEH BARAT,47335,40062,87397
1,ACEH,1824,ACEH BESAR,91130,72502,163632
1,ACEH,671,ACEH TIMUR,64601,63548,128149
1,ACEH,2,ACEH SELATAN,55551,42182,97733
1,ACEH,5138,GAYO LUES,0,0,0
1,ACEH,4362,BIREUEN,95777,60087,155864
1,ACEH,4233,ACEH SINGKIL,27281,19230,46511
1,ACEH,5694,ACEH TAMIANG,74269,41143,115412
1,ACEH,6518,KOTA LHOKSEUMAWE,34616,19296,53912
1,ACEH,5286,ACEH JAYA,22189,17945,40134
1,ACEH,6166,PIDIE JAYA,24082,30338,54420
1,ACEH,5920,BENER MERIAH,0,0,0
1,ACEH,6397,KOTA BANDA ACEH,45823,36003,81826
1,ACEH,4989,ACEH BARAT DAYA,28334,26534,54868
1,ACEH,5463,NAGAN RAYA,35565,38848,74413
1,ACEH,6497,KOTA SABANG,7301,5537,12838
1,ACEH,6648,KOTA SUBULUSSALAM,20172,11276,31448
1,ACEH,6591,KOTA LANGSA,42693,18340,61033
6728,SUMATERA UTARA,7438,TAPANULI UTARA,11615,120744,132359
6728,SUMATERA UTARA,8094,LANGKAT,247482,228622,476104
6728,SUMATERA UTARA,9497,ASAHAN,154937,177331,332268
6728,SUMATERA UTARA,8688,DELI SERDANG,0,0,0
6728,SUMATERA UTARA,9114,SIMALUNGUN,144362,276389,420751
6728,SUMATERA UTARA,10020,TOBA SAMOSIR,8154,79525,87679
6728,SUMATERA UTARA,8408,KARO,25462,143746,169208
6728,SUMATERA UTARA,7960,NIAS,6661,55301,61962
6728,SUMATERA UTARA,9835,DAIRI,22125,109732,131857
6728,SUMATERA UTARA,7240,TAPANULI TENGAH,37093,95001,132094
6728,SUMATERA UTARA,11022,PAKPAK BHARAT,6681,12075,18756
6728,SUMATERA UTARA,11083,HUMBANG HASUNDUTAN,8284,77704,85988
6728,SUMATERA UTARA,7697,TAPANULI SELATAN,82611,50633,133244
6728,SUMATERA UTARA,11635,BATU BARA,81404,93483,174887
6728,SUMATERA UTARA,11374,SERDANG BEDAGAI,150267,149761,300028
6728,SUMATERA UTARA,11247,SAMOSIR,3346,57030,60376
6728,SUMATERA UTARA,10227,MANDAILING NATAL,150048,47046,197094
6728,SUMATERA UTARA,11916,KOTA PEMATANGSIANTAR,40124,83287,123411
6728,SUMATERA UTARA,11978,KOTA SIBOLGA,14682,22573,37255
6728,SUMATERA UTARA,6888,NIAS UTARA,7283,45305,52588
6728,SUMATERA UTARA,10646,NIAS SELATAN,26064,171401,197465
6728,SUMATERA UTARA,9727,LABUHANBATU,106571,91901,198472
6728,SUMATERA UTARA,6789,LABUHANBATU UTARA,73485,94247,167732
6728,SUMATERA UTARA,12208,PADANG LAWAS UTARA,82604,35786,118390
6728,SUMATERA UTARA,12000,KOTA TANJUNG BALAI,34519,28611,63130
6728,SUMATERA UTARA,11743,KOTA MEDAN,530243,486395,1016638
6728,SUMATERA UTARA,12606,PADANG LAWAS,76763,28789,105552
6728,SUMATERA UTARA,7013,NIAS BARAT,6152,32202,38354
6728,SUMATERA UTARA,6729,LABUHANBATU SELATAN,66898,73580,140478
6728,SUMATERA UTARA,12038,KOTA BINJAI,77888,45463,123351
6728,SUMATERA UTARA,7132,KOTA GUNUNGSITOLI,9585,48491,58076
6728,SUMATERA UTARA,12081,KOTA TEBING TINGGI,41592,35498,77090
6728,SUMATERA UTARA,12122,KOTA PADANG SIDIMPUAN,71847,23423,95270
12920,SUMATERA BARAT,13010,SOLOK,141142,23831,164973
12920,SUMATERA BARAT,13681,PASAMAN BARAT,129400,42560,171960
12920,SUMATERA BARAT,13099,SIJUNJUNG,74503,24296,98799
12920,SUMATERA BARAT,13163,TANAH DATAR,127433,40187,167620
12920,SUMATERA BARAT,13712,KOTA PADANG,304850,83698,388548
12920,SUMATERA BARAT,13828,KOTA SOLOK,25649,5070,30719
12920,SUMATERA BARAT,13608,DHARMASRAYA,70141,36737,106878
12920,SUMATERA BARAT,13509,PASAMAN,94243,26644,120887
12920,SUMATERA BARAT,13416,LIMA PULUH KOTA,137083,34699,171782
12920,SUMATERA BARAT,12921,PESISIR SELATAN,147150,58374,205524
12920,SUMATERA BARAT,13554,KEPULAUAN MENTAWAI,9071,31440,40511
12920,SUMATERA BARAT,13317,AGAM,175914,38392,214306
12920,SUMATERA BARAT,13253,PADANG PARIAMAN,140938,37355,178293
12920,SUMATERA BARAT,13844,KOTA SAWAHLUNTO,23474,6666,30140
12920,SUMATERA BARAT,13886,KOTA PADANG PANJANG,18947,4402,23349
12920,SUMATERA BARAT,14010,KOTA PARIAMAN,33979,6670,40649
12920,SUMATERA BARAT,13634,SOLOK SELATAN,56065,17103,73168
12920,SUMATERA BARAT,13905,KOTA BUKITTINGGI,40392,9434,49826
12920,SUMATERA BARAT,13933,KOTA PAYAKUMBUH,47131,11750,58881
14086,RIAU,14741,INDRAGIRI HILIR,113645,168634,282279
14086,RIAU,15254,ROKAN HILIR,114216,169637,283853
14086,RIAU,14414,INDRAGIRI HULU,80054,97460,177514
14086,RIAU,15087,ROKAN HULU,119956,126012,245968
14086,RIAU,15412,SIAK,89874,90369,180243
14086,RIAU,14630,BENGKALIS,116661,140869,257530
14086,RIAU,14955,PELALAWAN,66943,85496,152439
14086,RIAU,14166,KAMPAR,224680,138129,362809
14086,RIAU,14087,KEPULAUAN MERANTI,29611,55289,84900
14086,RIAU,15553,KUANTAN SINGINGI,74594,76259,150853
14086,RIAU,15775,KOTA PEKANBARU,261593,129179,390772
14086,RIAU,15846,KOTA DUMAI,57511,65484,122995
15885,JAMBI,16183,MERANGIN,98973,95407,194380
15885,JAMBI,16946,TANJUNG JABUNG TIMUR,44919,71431,116350
15885,JAMBI,16420,SAROLANGUN,68598,76443,145041
15885,JAMBI,15961,KERINCI,104649,38680,143329
15885,JAMBI,16576,BATANGHARI,59741,72999,132740
15885,JAMBI,17215,TEBO,66172,108551,174723
15885,JAMBI,17051,BUNGO,91122,87530,178652
15885,JAMBI,16699,MUARO JAMBI,81395,114132,195527
15885,JAMBI,16862,TANJUNG JABUNG BARAT,63806,79090,142896
15885,JAMBI,15886,KOTA SUNGAI PENUH,36381,10555,46936
15885,JAMBI,17333,KOTA JAMBI,155560,142969,298529
17404,SUMATERA SELATAN,17405,OGAN KOMERING ULU,108647,64472,173119
17404,SUMATERA SELATAN,17570,OGAN KOMERING ILIR,230650,191662,422312
17404,SUMATERA SELATAN,18643,MUSI RAWAS,124598,193367,317965
17404,SUMATERA SELATAN,19492,OGAN KOMERING ULU TIMUR,225364,152303,377667
17404,SUMATERA SELATAN,17895,MUARA ENIM,176547,217125,393672
17404,SUMATERA SELATAN,18244,LAHAT,124162,83865,208027
17404,SUMATERA SELATAN,18942,MUSI BANYUASIN,125556,176549,302105
17404,SUMATERA SELATAN,20512,KOTA PALEMBANG,410473,372168,782641
17404,SUMATERA SELATAN,20636,KOTA PAGAR ALAM,38006,33579,71585
17404,SUMATERA SELATAN,19172,BANYUASIN,189938,224109,414047
17404,SUMATERA SELATAN,20677,KOTA LUBUKLINGGAU,55804,49873,105677
17404,SUMATERA SELATAN,19808,OGAN KOMERING ULU SELATAN,110146,77139,187285
17404,SUMATERA SELATAN,20087,OGAN ILIR,107659,96506,204165
17404,SUMATERA SELATAN,20345,EMPAT LAWANG,60332,48436,108768
17404,SUMATERA SELATAN,20758,KOTA PRABUMULIH,44281,45896,90177
20802,BENGKULU,20923,BENGKULU SELATAN,31154,44964,76118
20802,BENGKULU,21265,BENGKULU UTARA,55425,95334,150759
20802,BENGKULU,22135,KEPAHIANG,41837,32655,74492
20802,BENGKULU,22252,KOTA BENGKULU,81132,83135,164267
20802,BENGKULU,21885,MUKOMUKO,35039,49631,84670
20802,BENGKULU,21093,REJANG LEBONG,73479,59063,132542
20802,BENGKULU,21492,KAUR,26245,36456,62701
20802,BENGKULU,21702,SELUMA,39887,59531,99418
20802,BENGKULU,22052,LEBONG,22935,29369,52304
20802,BENGKULU,20803,BENGKULU TENGAH,26040,33531,59571
22328,LAMPUNG,24850,PESAWARAN,113560,123315,236875
22328,LAMPUNG,22875,LAMPUNG TENGAH,306752,366977,673729
22328,LAMPUNG,22605,LAMPUNG SELATAN,231365,287821,519186
22328,LAMPUNG,24484,WAY KANAN,107739,134930,242669
22328,LAMPUNG,22329,PRINGSEWU,102677,109675,212352
22328,LAMPUNG,23460,LAMPUNG BARAT,97555,140261,237816
22328,LAMPUNG,24822,KOTA METRO,41932,41842,83774
22328,LAMPUNG,23737,TULANG BAWANG,95164,112553,207717
22328,LAMPUNG,23189,LAMPUNG UTARA,185801,138884,324685
22328,LAMPUNG,24709,KOTA BANDAR LAMPUNG,243525,240477,484002
22328,LAMPUNG,24202,LAMPUNG TIMUR,230528,311267,541795
22328,LAMPUNG,23903,TANGGAMUS,163155,145675,308830
22328,LAMPUNG,22522,TULANG BAWANG BARAT,69047,83631,152678
22328,LAMPUNG,22439,MESUJI,45124,62581,107705
24993,KEPULAUAN BANGKA BELITUNG,25120,BANGKA SELATAN,24574,56235,80809
24993,KEPULAUAN BANGKA BELITUNG,25316,BELITUNG TIMUR,18542,42817,61359
24993,KEPULAUAN BANGKA BELITUNG,25072,BELITUNG,28539,60700,89239
24993,KEPULAUAN BANGKA BELITUNG,24994,BANGKA,48689,85481,134170
24993,KEPULAUAN BANGKA BELITUNG,25363,KOTA PANGKALPINANG,35803,49703,85506
24993,KEPULAUAN BANGKA BELITUNG,25245,BANGKA BARAT,22481,64716,87197
24993,KEPULAUAN BANGKA BELITUNG,25181,BANGKA TENGAH,22078,52707,74785
25405,KEPULAUAN RIAU,25533,KARIMUN,35843,65509,101352
25405,KEPULAUAN RIAU,25597,NATUNA,9952,22372,32324
25405,KEPULAUAN RIAU,25406,KOTA TANJUNGPINANG,38264,55021,93285
25405,KEPULAUAN RIAU,25746,KOTA BATAM,202246,257166,459412
25405,KEPULAUAN RIAU,25471,BINTAN,27117,43663,70780
25405,KEPULAUAN RIAU,25683,LINGGA,14018,32943,46961
25405,KEPULAUAN RIAU,25429,KEPULAUAN ANAMBAS,5468,15145,20613
25823,DKI JAKARTA,25833,JAKARTA PUSAT,258376,308059,566435
25823,DKI JAKARTA,25886,JAKARTA UTARA,342896,517395,860291
25823,DKI JAKARTA,26065,JAKARTA TIMUR,827874,716631,1544505
25823,DKI JAKARTA,25989,JAKARTA SELATAN,612478,568428,1180906
25823,DKI JAKARTA,25924,JAKARTA BARAT,479815,742103,1221918
25823,DKI JAKARTA,25824,KEPULAUAN SERIBU,6906,8089,14995
26141,JAWA BARAT,26611,SUKABUMI,829802,392927,1222729
26141,JAWA BARAT,27407,BANDUNG,1171109,655044,1826153
26141,JAWA BARAT,28960,KUNINGAN,312002,250156,562158
26141,JAWA BARAT,29834,MAJALENGKA,386707,338875,725582
26141,JAWA BARAT,30503,INDRAMAYU,371044,540832,911876
26141,JAWA BARAT,31345,KARAWANG,708495,473557,1182052
26141,JAWA BARAT,26142,BOGOR,1636134,852888,2489022
26141,JAWA BARAT,30851,SUBANG,413671,447818,861489
26141,JAWA BARAT,30197,SUMEDANG,401847,252193,654040
26141,JAWA BARAT,27026,CIANJUR,643722,442822,1086544
26141,JAWA BARAT,27714,GARUT,866613,369199,1235812
26141,JAWA BARAT,28182,TASIKMALAYA,647755,268568,916323
26141,JAWA BARAT,32375,KOTA CIREBON,78359,91079,169438
26141,JAWA BARAT,31135,PURWAKARTA,347259,138257,485516
26141,JAWA BARAT,29369,CIREBON,415517,653687,1069204
26141,JAWA BARAT,28573,CIAMIS,492890,418505,911395
26141,JAWA BARAT,32193,KOTA BANDUNG,778703,571022,1349725
26141,JAWA BARAT,32152,KOTA SUKABUMI,120118,53070,173188
26141,JAWA BARAT,32646,KOTA BANJAR,56569,49664,106233
26141,JAWA BARAT,32077,KOTA BOGOR,340286,210578,550864
26141,JAWA BARAT,31896,BANDUNG BARAT,547731,332085,879816
26141,JAWA BARAT,31685,BEKASI,906196,555723,1461919
26141,JAWA BARAT,32566,KOTA TASIKMALAYA,281665,99307,380972
26141,JAWA BARAT,32547,KOTA CIMAHI,198498,104239,302737
26141,JAWA BARAT,32403,KOTA BEKASI,671405,555525,1226930
26141,JAWA BARAT,32472,KOTA DEPOK,543284,412695,955979
32676,JAWA TENGAH,33902,KEBUMEN,257306,422713,680019
32676,JAWA TENGAH,35575,BOYOLALI,0,0,0
32676,JAWA TENGAH,35862,KLATEN,189035,562631,751666
32676,JAWA TENGAH,32986,BANYUMAS,346345,613226,959571
32676,JAWA TENGAH,37214,GROBOGAN,192547,536562,729109
32676,JAWA TENGAH,34900,WONOSOBO,169209,296386,465595
32676,JAWA TENGAH,37514,BLORA,164706,335176,499882
32676,JAWA TENGAH,32677,CILACAP,381863,585252,967115
32676,JAWA TENGAH,33345,PURBALINGGA,183873,320704,504577
32676,JAWA TENGAH,33603,BANJARNEGARA,196898,322398,519296
32676,JAWA TENGAH,36470,WONOGIRI,139522,462735,602257
32676,JAWA TENGAH,37826,REMBANG,126454,245393,371847
32676,JAWA TENGAH,38136,PATI,197058,540504,737562
32676,JAWA TENGAH,36290,SUKOHARJO,105817,411498,517315
32676,JAWA TENGAH,34389,PURWOREJO,166190,262246,428436
32676,JAWA TENGAH,35181,MAGELANG,345405,407458,752863
32676,JAWA TENGAH,38564,KUDUS,195171,260384,455555
32676,JAWA TENGAH,40859,TEGAL,297100,451294,748394
32676,JAWA TENGAH,41558,KOTA SALATIGA,38628,68664,107292
32676,JAWA TENGAH,38706,JEPARA,180741,436410,617151
32676,JAWA TENGAH,38917,DEMAK,224076,369726,593802
32676,JAWA TENGAH,36790,KARANGANYAR,145555,387156,532711
32676,JAWA TENGAH,36985,SRAGEN,131045,414425,545470
32676,JAWA TENGAH,41501,KOTA SURAKARTA,52703,284199,336902
32676,JAWA TENGAH,41585,KOTA SEMARANG,292496,624289,916785
32676,JAWA TENGAH,41779,KOTA PEKALONGAN,64738,99814,164552
32676,JAWA TENGAH,39436,TEMANGGUNG,167212,309118,476330
32676,JAWA TENGAH,41165,BREBES,317975,601106,919081
32676,JAWA TENGAH,39746,KENDAL,228708,329481,558189
32676,JAWA TENGAH,39181,SEMARANG,227602,359428,587030
32676,JAWA TENGAH,40053,BATANG,145019,278706,423725
32676,JAWA TENGAH,41480,KOTA MAGELANG,32173,42056,74229
32676,JAWA TENGAH,40317,PEKALONGAN,148592,328245,476837
32676,JAWA TENGAH,40622,PEMALANG,232693,453468,686161
32676,JAWA TENGAH,41831,KOTA TEGAL,55912,78775,134687
41863,DAERAH ISTIMEWA YOGYAKARTA,42058,GUNUNGKIDUL,176801,280110,456911
41863,DAERAH ISTIMEWA YOGYAKARTA,41965,BANTUL,271535,313383,584918
41863,DAERAH ISTIMEWA YOGYAKARTA,42221,SLEMAN,303420,355975,659395
41863,DAERAH ISTIMEWA YOGYAKARTA,41864,KULON PROGO,127145,136881,264026
41863,DAERAH ISTIMEWA YOGYAKARTA,42325,KOTA YOGYAKARTA,98441,147900,246341
42385,JAWA TIMUR,42897,TRENGGALEK,140980,267772,408752
42385,JAWA TIMUR,42570,PONOROGO,250385,280689,531074
42385,JAWA TIMUR,43993,MALANG,549623,865641,1415264
42385,JAWA TIMUR,43069,TULUNGAGUNG,210972,401482,612454
42385,JAWA TIMUR,45165,BONDOWOSO,270778,175467,446245
42385,JAWA TIMUR,42386,PACITAN,205365,112332,317697
42385,JAWA TIMUR,44923,BANYUWANGI,361727,539652,901379
42385,JAWA TIMUR,43360,BLITAR,194251,488724,682975
42385,JAWA TIMUR,46678,MOJOKERTO,260355,370265,630620
42385,JAWA TIMUR,45407,SITUBONDO,220034,153018,373052
42385,JAWA TIMUR,47001,JOMBANG,303115,411112,714227
42385,JAWA TIMUR,48110,NGAWI,200735,303169,503904
42385,JAWA TIMUR,47856,MAGETAN,205946,190962,396908
42385,JAWA TIMUR,49154,LAMONGAN,368586,342249,710835
42385,JAWA TIMUR,44417,LUMAJANG,256576,319840,576416
42385,JAWA TIMUR,44643,JEMBER,507428,694751,1202179
42385,JAWA TIMUR,43630,KEDIRI,294429,619456,913885
42385,JAWA TIMUR,45561,PROBOLINGGO,280103,289694,569797
42385,JAWA TIMUR,45916,PASURUAN,474725,344930,819655
42385,JAWA TIMUR,51145,KOTA BLITAR,29349,54599,83948
42385,JAWA TIMUR,50735,SUMENEP,332956,245410,578366
42385,JAWA TIMUR,48347,BOJONEGORO,377277,352307,729584
42385,JAWA TIMUR,46306,SIDOARJO,464893,550726,1015619
42385,JAWA TIMUR,51170,KOTA MALANG,182128,270971,453099
42385,JAWA TIMUR,51327,KOTA MADIUN,41048,65059,106107
42385,JAWA TIMUR,50331,SAMPANG,474752,162785,637537
42385,JAWA TIMUR,47329,NGANJUK,232506,376899,609405
42385,JAWA TIMUR,47634,MADIUN,177992,240002,417994
42385,JAWA TIMUR,51095,KOTA KEDIRI,59461,100492,159953
42385,JAWA TIMUR,51233,KOTA PROBOLINGGO,69112,58149,127261
42385,JAWA TIMUR,50031,BANGKALAN,644608,149258,793866
42385,JAWA TIMUR,48805,TUBAN,267898,373199,641097
42385,JAWA TIMUR,51268,KOTA PASURUAN,58967,43896,102863
42385,JAWA TIMUR,49656,GRESIK,350955,312496,663451
42385,JAWA TIMUR,51358,KOTA SURABAYA,498736,892123,1390859
42385,JAWA TIMUR,50532,PAMEKASAN,378652,135178,513830
42385,JAWA TIMUR,51306,KOTA MOJOKERTO,32706,41504,74210
42385,JAWA TIMUR,51550,KOTA BATU,46979,73055,120034
53241,BALI,53299,TABANAN,82214,210896,293110
53241,BALI,53586,KLUNGKUNG,35921,70831,106752
53241,BALI,53727,KARANGASEM,80760,159864,240624
53241,BALI,53439,BADUNG,78066,189217,267283
53241,BALI,53814,BULELENG,102852,232228,335080
53241,BALI,53242,JEMBRANA,53278,104801,158079
53241,BALI,53508,GIANYAR,63953,223125,287078
53241,BALI,53972,KOTA DENPASAR,79880,241620,321500
53241,BALI,53650,BANGLI,37317,102528,139845
51578,BANTEN,51579,PANDEGLANG,352187,245581,597768
51578,BANTEN,53179,KOTA TANGERANG SELATAN,336141,359788,695929
51578,BANTEN,52593,SERANG,473545,266663,740208
51578,BANTEN,51913,LEBAK,337700,290868,628568
51578,BANTEN,53054,KOTA CILEGON,131610,81908,213518
51578,BANTEN,52287,TANGERANG,878685,606456,1485141
51578,BANTEN,52936,KOTA TANGERANG,500587,425345,925932
51578,BANTEN,53106,KOTA SERANG,182216,122022,304238
54020,NUSA TENGGARA BARAT,54021,LOMBOK BARAT,264566,79129,343695
54020,NUSA TENGGARA BARAT,54260,LOMBOK TIMUR,471546,155595,627141
54020,NUSA TENGGARA BARAT,54925,KOTA MATARAM,143741,71647,215388
54020,NUSA TENGGARA BARAT,54123,LOMBOK TENGAH,362628,129040,491668
54020,NUSA TENGGARA BARAT,54982,KOTA BIMA,59894,18916,78810
54020,NUSA TENGGARA BARAT,54590,DOMPU,85635,36005,121640
54020,NUSA TENGGARA BARAT,54853,SUMBAWA BARAT,43934,22185,66119
54020,NUSA TENGGARA BARAT,55026,LOMBOK UTARA,83339,35846,119185
54020,NUSA TENGGARA BARAT,54400,SUMBAWA,160055,85539,245594
54020,NUSA TENGGARA BARAT,54666,BIMA,168840,67336,236176
55065,NUSA TENGGARA TIMUR,55347,TIMOR TENGAH SELATAN,99317,102401,201718
55065,NUSA TENGGARA TIMUR,55066,KUPANG,79103,71596,150699
55065,NUSA TENGGARA TIMUR,56051,ALOR,47494,51958,99452
55065,NUSA TENGGARA TIMUR,55620,TIMOR TENGAH UTARA,44956,63390,108346
55065,NUSA TENGGARA TIMUR,56489,SIKKA,30377,108911,139288
55065,NUSA TENGGARA TIMUR,56671,ENDE,37979,93411,131390
55065,NUSA TENGGARA TIMUR,57560,ROTE NDAO,11862,44482,56344
55065,NUSA TENGGARA TIMUR,57406,LEMBATA,15357,39459,54816
55065,NUSA TENGGARA TIMUR,57935,SUMBA BARAT DAYA,50596,119178,169774
55065,NUSA TENGGARA TIMUR,56904,NGADA,20343,45560,65903
55065,NUSA TENGGARA TIMUR,57167,SUMBA TIMUR,29815,74902,104717
55065,NUSA TENGGARA TIMUR,57886,SUMBA TENGAH,7950,21568,29518
55065,NUSA TENGGARA TIMUR,57778,NAGEKEO,8628,56426,65054
55065,NUSA TENGGARA TIMUR,56244,FLORES TIMUR,27117,86450,113567
55065,NUSA TENGGARA TIMUR,55819,BELU,66568,82988,149556
55065,NUSA TENGGARA TIMUR,58098,MANGGARAI TIMUR,29706,82233,111939
55065,NUSA TENGGARA TIMUR,57008,MANGGARAI,34028,97352,131380
55065,NUSA TENGGARA TIMUR,57649,MANGGARAI BARAT,31080,81816,112896
55065,NUSA TENGGARA TIMUR,57346,SUMBA BARAT,13591,32124,45715
55065,NUSA TENGGARA TIMUR,58219,SABU RAIJUA,11163,24597,35760
55065,NUSA TENGGARA TIMUR,58040,KOTA KUPANG,72361,107274,179635
58285,KALIMANTAN BARAT,58749,KETAPANG,91890,150144,242034
58285,KALIMANTAN BARAT,59557,BENGKAYANG,30726,91426,122152
58285,KALIMANTAN BARAT,58567,SANGGAU,67672,191220,258892
58285,KALIMANTAN BARAT,60183,KOTA PONTIANAK,182652,126277,308929
58285,KALIMANTAN BARAT,59018,SINTANG,70855,170639,241494
58285,KALIMANTAN BARAT,60134,KAYONG UTARA,26303,20669,46972
58285,KALIMANTAN BARAT,59320,KAPUAS HULU,45342,88208,133550
58285,KALIMANTAN BARAT,58286,SAMBAS,112819,155003,267822
58285,KALIMANTAN BARAT,60255,KUBU RAYA,163423,112866,276289
58285,KALIMANTAN BARAT,59953,MELAWI,59353,81234,140587
58285,KALIMANTAN BARAT,58490,PONTIANAK,73495,49847,123342
58285,KALIMANTAN BARAT,59699,LANDAK,37623,195610,233233
58285,KALIMANTAN BARAT,59869,SEKADAU,30996,84313,115309
58285,KALIMANTAN BARAT,60223,KOTA SINGKAWANG,39205,55590,94795
60371,KALIMANTAN TENGAH,60653,KAPUAS,78155,83402,161557
60371,KALIMANTAN TENGAH,60468,KOTAWARINGIN TIMUR,79206,127678,206884
60371,KALIMANTAN TENGAH,61251,SERUYAN,28589,51660,80249
60371,KALIMANTAN TENGAH,61400,LAMANDAU,11739,23889,35628
60371,KALIMANTAN TENGAH,60372,KOTAWARINGIN BARAT,61293,65241,126534
60371,KALIMANTAN TENGAH,60867,BARITO SELATAN,25836,37677,63513
60371,KALIMANTAN TENGAH,61846,BARITO TIMUR,19907,36052,55959
60371,KALIMANTAN TENGAH,61711,MURUNG RAYA,20732,25468,46200
60371,KALIMANTAN TENGAH,61077,KATINGAN,22595,48245,70840
60371,KALIMANTAN TENGAH,61492,GUNUNG MAS,0,0,0
60371,KALIMANTAN TENGAH,61929,KOTA PALANGKARAYA,54687,63851,118538
60371,KALIMANTAN TENGAH,60967,BARITO UTARA,0,0,0
60371,KALIMANTAN TENGAH,61362,SUKAMARA,8435,14199,22634
60371,KALIMANTAN TENGAH,61614,PULANG PISAU,23195,36991,60186
61965,KALIMANTAN SELATAN,62112,KOTABARU,0,0,0
61965,KALIMANTAN SELATAN,63167,HULU SUNGAI TENGAH,79784,52007,131791
61965,KALIMANTAN SELATAN,62643,BARITO KUALA,70890,71968,142858
61965,KALIMANTAN SELATAN,63866,BALANGAN,29306,32915,62221
61965,KALIMANTAN SELATAN,62333,BANJAR,0,0,0
61965,KALIMANTAN SELATAN,61966,TANAH LAUT,72095,81892,153987
61965,KALIMANTAN SELATAN,63348,HULU SUNGAI UTARA,60178,43068,103246
61965,KALIMANTAN SELATAN,63578,TABALONG,68841,50403,119244
61965,KALIMANTAN SELATAN,63007,HULU SUNGAI SELATAN,53777,52765,106542
61965,KALIMANTAN SELATAN,64085,KOTA BANJARBARU,53698,53191,106889
61965,KALIMANTAN SELATAN,64027,KOTA BANJARMASIN,153822,157062,310884
61965,KALIMANTAN SELATAN,63722,TANAH BUMBU,0,0,0
61965,KALIMANTAN SELATAN,62861,TAPIN,58181,37740,95921
64111,KALIMANTAN TIMUR,64949,MALINAU,7966,26753,34719
64111,KALIMANTAN TIMUR,64617,BULUNGAN,17884,36410,54294
64111,KALIMANTAN TIMUR,65675,TANA TIDUNG,2807,6113,8920
64111,KALIMANTAN TIMUR,64496,BERAU,29777,66443,96220
64111,KALIMANTAN TIMUR,65656,KOTA BONTANG,30757,52112,82869
64111,KALIMANTAN TIMUR,64709,NUNUKAN,16802,60395,77197
64111,KALIMANTAN TIMUR,64112,PASER,50382,65438,115820
64111,KALIMANTAN TIMUR,64248,KUTAI KARTANEGARA,117811,207503,325314
64111,KALIMANTAN TIMUR,65315,KUTAI TIMUR,46159,100346,146505
64111,KALIMANTAN TIMUR,65528,KOTA BALIKPAPAN,123073,177102,300175
64111,KALIMANTAN TIMUR,65567,KOTA SAMARINDA,155316,216320,371636
64111,KALIMANTAN TIMUR,65069,KUTAI BARAT,21161,75625,96786
64111,KALIMANTAN TIMUR,65631,KOTA TARAKAN,36465,57213,93678
64111,KALIMANTAN TIMUR,65469,PENAJAM PASER UTARA,31374,42383,73757
65702,SULAWESI UTARA,66188,KEPULAUAN SANGIHE,28218,46905,75123
65702,SULAWESI UTARA,66853,MINAHASA TENGGARA,32870,31437,64307
65702,SULAWESI UTARA,65822,BOLAANG MONGONDOW,73276,44370,117646
65702,SULAWESI UTARA,66371,KEPULAUAN TALAUD,11232,39962,51194
65702,SULAWESI UTARA,66718,MINAHASA UTARA,55360,60620,115980
65702,SULAWESI UTARA,66936,BOLAANG MONGONDOW UTARA,22172,18012,40184
65702,SULAWESI UTARA,65974,MINAHASA,85418,113149,198567
65702,SULAWESI UTARA,65703,BOLAANG MONGONDOW TIMUR,22923,13864,36787
65702,SULAWESI UTARA,67130,KOTA MANADO,94408,134572,228980
65702,SULAWESI UTARA,67355,KOTA KOTAMOBAGU,40403,18359,58762
65702,SULAWESI UTARA,67305,KOTA TOMOHON,26137,31401,57538
65702,SULAWESI UTARA,66544,MINAHASA SELATAN,53606,67508,121114
65702,SULAWESI UTARA,67227,KOTA BITUNG,41634,60822,102456
65702,SULAWESI UTARA,65760,BOLAANG MONGONDOW SELATAN,19624,14495,34119
67393,SULAWESI TENGAH,68041,DONGGALA,59129,79621,138750
67393,SULAWESI TENGAH,68887,PARIGI MOUTONG,93518,118330,211848
67393,SULAWESI TENGAH,69220,KOTA PALU,90744,81761,172505
67393,SULAWESI TENGAH,68428,MOROWALI,41610,73276,114886
67393,SULAWESI TENGAH,67394,SIGI,73805,50563,124368
67393,SULAWESI TENGAH,67866,POSO,53151,63963,117114
67393,SULAWESI TENGAH,67558,BANGGAI,74882,103276,178158
67393,SULAWESI TENGAH,68309,BUOL,32202,35339,67541
67393,SULAWESI TENGAH,68206,TOLITOLI,35776,68959,104735
67393,SULAWESI TENGAH,68681,BANGGAI KEPULAUAN,0,0,0
69268,SULAWESI SELATAN,69442,KEPULAUAN SELAYAR,27340,37543,64883
69268,SULAWESI SELATAN,69869,TAKALAR,51298,98476,149774
69268,SULAWESI SELATAN,69744,JENEPONTO,85822,85031,170853
69268,SULAWESI SELATAN,70639,MAROS,47191,126719,173910
69268,SULAWESI SELATAN,69962,GOWA,131623,241625,373248
69268,SULAWESI SELATAN,70757,PANGKAJENE DAN KEPULAUAN,47468,116198,163666
69268,SULAWESI SELATAN,70935,SOPPENG,19645,109559,129204
69268,SULAWESI SELATAN,69531,BULUKUMBA,52970,147572,200542
69268,SULAWESI SELATAN,71327,PINRANG,43482,143482,186964
69268,SULAWESI SELATAN,69668,BANTAENG,36403,49655,86058
69268,SULAWESI SELATAN,70149,SINJAI,42042,74275,116317
69268,SULAWESI SELATAN,71209,SIDENRENG RAPPANG,30953,126540,157493
69268,SULAWESI SELATAN,71437,ENREKANG,39810,62410,102220
69268,SULAWESI SELATAN,70239,BONE,53813,339766,393579
69268,SULAWESI SELATAN,70873,BARRU,13790,79091,92881
69268,SULAWESI SELATAN,72467,KOTA PARE PARE,18080,51211,69291
69268,SULAWESI SELATAN,71828,TANA TORAJA,31216,76632,107848
69268,SULAWESI SELATAN,71579,LUWU,61083,131777,192860
69268,SULAWESI SELATAN,72309,KOTA MAKASSAR,186893,447353,634246
69268,SULAWESI SELATAN,71014,WAJO,34889,174843,209732
69268,SULAWESI SELATAN,72007,LUWU UTARA,51038,101463,152501
69268,SULAWESI SELATAN,72190,LUWU TIMUR,43329,83832,127161
69268,SULAWESI SELATAN,72493,KOTA PALOPO,25689,48502,74191
69268,SULAWESI SELATAN,69269,TORAJA UTARA,38990,83471,122461
72551,SULAWESI TENGGARA,72786,KONAWE,79500,57538,137038
72551,SULAWESI TENGGARA,73420,BUTON,54793,69167,123960
72551,SULAWESI TENGGARA,73150,MUNA,67604,48430,116034
72551,SULAWESI TENGGARA,74590,KOTA KENDARI,72705,80645,153350
72551,SULAWESI TENGGARA,74288,KOLAKA UTARA,15394,54028,69422
72551,SULAWESI TENGGARA,74179,WAKATOBI,14824,31229,46053
72551,SULAWESI TENGGARA,73650,KONAWE SELATAN,62741,74151,136892
72551,SULAWESI TENGGARA,74018,BOMBANA,25165,41326,66491
72551,SULAWESI TENGGARA,72552,KOLAKA,64694,92586,157280
72551,SULAWESI TENGGARA,74437,KONAWE UTARA,14245,18278,32523
72551,SULAWESI TENGGARA,74525,BUTON UTARA,11008,17139,28147
72551,SULAWESI TENGGARA,74665,KOTA BAU BAU,28461,37700,66161
74716,GORONTALO,74941,BOALEMO,43129,33179,76308
74716,GORONTALO,75031,BONE BOLANGO,54995,30674,85669
74716,GORONTALO,74717,GORONTALO,140134,67189,207323
74716,GORONTALO,75301,GORONTALO UTARA,40269,20161,60430
74716,GORONTALO,75183,PAHUWATO,37943,32126,70069
74716,GORONTALO,75365,KOTA GORONTALO,62265,38168,100433
75425,SULAWESI BARAT,75863,POLEWALI MANDAR,67377,136429,203806
75425,SULAWESI BARAT,76047,MAJENE,19171,62853,82024
75425,SULAWESI BARAT,75502,MAMUJU,42327,138250,180577
75425,SULAWESI BARAT,75670,MAMASA,19710,67656,87366
75425,SULAWESI BARAT,75426,MAMUJU UTARA,16909,50833,67742
76096,MALUKU,76568,MALUKU TENGGARA BARAT,0,0,0
76096,MALUKU,76651,BURU,44878,23164,68042
76096,MALUKU,76771,SERAM BAGIAN BARAT,55436,43068,98504
76096,MALUKU,77051,KOTA TUAL,0,0,0
76096,MALUKU,76284,MALUKU TENGAH,0,0,0
76096,MALUKU,76708,SERAM BAGIAN TIMUR,0,0,0
76096,MALUKU,76223,BURU SELATAN,0,0,0
76096,MALUKU,76097,MALUKU BARAT DAYA,11339,24720,36059
76096,MALUKU,76470,MALUKU TENGGARA,17944,33929,51873
76096,MALUKU,76995,KOTA AMBON,76136,100744,176880
76096,MALUKU,76868,KEPULAUAN ARU,11470,29898,41368
77085,MALUKU UTARA,78040,KOTA TERNATE,54043,30113,84156
77085,MALUKU UTARA,78122,KOTA TIDORE KEPULAUAN,27671,23840,51511
77085,MALUKU UTARA,77956,HALMAHERA TIMUR,21864,20152,42016
77085,MALUKU UTARA,77155,HALMAHERA BARAT,26309,28790,55099
77085,MALUKU UTARA,77364,HALMAHERA UTARA,0,0,0
77085,MALUKU UTARA,77311,HALMAHERA TENGAH,12507,13141,25648
77085,MALUKU UTARA,77578,HALMAHERA SELATAN,0,0,0
77085,MALUKU UTARA,77086,PULAU MOROTAI,24702,11403,36105
77085,MALUKU UTARA,77858,KEPULAUAN SULA,0,0,0
78203,PAPUA,80851,PANIAI,0,0,0
78203,PAPUA,79826,MERAUKE,0,0,0
78203,PAPUA,80309,NABIRE,0,0,0
78203,PAPUA,81261,PEGUNUNGAN BINTANG,0,0,0
78203,PAPUA,81007,MIMIKA,57937,124583,182520
78203,PAPUA,80144,JAYAPURA,33076,61340,94416
78203,PAPUA,80724,PUNCAK JAYA,78797,87122,165919
78203,PAPUA,81104,SARMI,4586,13095,17681
78203,PAPUA,79019,MAPPI,8192,35546,43738
78203,PAPUA,79531,YALIMO,17812,50050,67862
78203,PAPUA,80015,JAYAWIJAYA,0,0,0
78203,PAPUA,79354,MAMBERAMO RAYA,0,0,0
78203,PAPUA,80526,BIAK NUMFOR,9300,47371,56671
78203,PAPUA,78204,INTAN JAYA,0,0,0
78203,PAPUA,79752,DOGIYAI,0,0,0
78203,PAPUA,81357,YAHUKIMO,72537,189076,261613
78203,PAPUA,78324,TOLIKARA,42579,134800,177379
78203,PAPUA,80402,KEPULAUAN YAPEN,11612,65312,76924
78203,PAPUA,78927,BOVEN DIGOEL,7017,22322,29339
78203,PAPUA,79163,ASMAT,13288,52957,66245
78203,PAPUA,79310,SUPIORI,869,9421,10290
78203,PAPUA,79629,NDUGA,0,0,0
78203,PAPUA,81192,KEEROM,0,0,0
78203,PAPUA,79564,LANNY JAYA,82841,62609,145450
78203,PAPUA,78862,WAROPEN,3233,18302,21535
78203,PAPUA,79466,MAMBERAMO TENGAH,0,0,0
78203,PAPUA,78289,DEIYAI,5628,41970,47598
78203,PAPUA,79421,KOTA JAYAPURA,0,0,0
78203,PAPUA,79663,PUNCAK,8071,149096,157167
81877,PAPUA BARAT,82022,SORONG,24307,33514,57821
81877,PAPUA BARAT,82850,RAJA AMPAT,0,0,0
81877,PAPUA BARAT,83107,TELUK WONDAMA,3291,14104,17395
81877,PAPUA BARAT,82154,MANOKWARI,42328,101375,143703
81877,PAPUA BARAT,83194,KAIMANA,0,0,0
81877,PAPUA BARAT,82965,TELUK BINTUNI,12314,28499,40813
81877,PAPUA BARAT,81878,MAYBRAT,7966,20882,28848
81877,PAPUA BARAT,82724,SORONG SELATAN,8939,25590,34529
81877,PAPUA BARAT,82605,FAKFAK,0,0,0
81877,PAPUA BARAT,83289,KOTA SORONG,39083,65159,104242
81877,PAPUA BARAT,81992,TAMBRAUW,4559,15274,19833
